time,speed
201909010000,39.138
201909010010,40.465
201909010020,37.904
201909010030,38.134
201909010040,41.336
201909010050,41.215
201909010100,40.84
201909010110,36.726
201909010120,40.457
201909010130,40.641
201909010140,39.877
201909010150,39.401
201909010200,40.014
201909010210,40.607
201909010220,41.264
201909010230,41.598
201909010240,37.079
201909010250,40.872
201909010300,40.644
201909010310,37.219
201909010320,41.029
201909010330,41.464
201909010340,41.06
201909010350,40.594
201909010400,40.784
201909010410,40.793
201909010420,41.01
201909010430,37.358
201909010440,41.473
201909010450,41.07
201909010500,41.308
201909010510,40.54
201909010520,40.804
201909010530,40.904
201909010540,40.631
201909010550,41.291
201909010600,41.403
201909010610,40.819
201909010620,39.857
201909010630,39.582
201909010640,37.627
201909010650,35.515
201909010700,34.674
201909010710,35.507
201909010720,34.199
201909010730,38.679
201909010740,37.376
201909010750,36.419
201909010800,38.432
201909010810,39.657
201909010820,39.772
201909010830,38.571
201909010840,39.763
201909010850,36.719
201909010900,37.21
201909010910,37.234
201909010920,36.083
201909010930,38.571
201909010940,32.042
201909010950,35.266
201909011000,36.306
201909011010,34.76
201909011020,35.324
201909011030,36.216
201909011040,39.463
201909011050,37.027
201909011100,36.79
201909011110,36.439
201909011120,37.736
201909011130,38.705
201909011140,37.102
201909011150,37.319
201909011200,37.214
201909011210,37.683
201909011220,37.142
201909011230,37.546
201909011240,37.032
201909011250,38.686
201909011300,38.909
201909011310,37.07
201909011320,36.464
201909011330,37.154
201909011340,31.446
201909011350,37.404
201909011400,36.078
201909011410,37.835
201909011420,37.422
201909011430,38.367
201909011440,37.785
201909011450,38.951
201909011500,38.057
201909011510,37.537
201909011520,36.682
201909011530,36.531
201909011540,35.851
201909011550,36.572
201909011600,37.085
201909011610,36.435
201909011620,37.539
201909011630,35.428
201909011640,35.251
201909011650,35.837
201909011700,35.2
201909011710,34.92
201909011720,35.335
201909011730,35.492
201909011740,36.432
201909011750,35.242
201909011800,33.847
201909011810,33.854
201909011820,34.673
201909011830,34.769
201909011840,35.281
201909011850,34.036
201909011900,34.911
201909011910,33.744
201909011920,35.02
201909011930,35.105
201909011940,33.996
201909011950,34.941
201909012000,35.893
201909012010,35.154
201909012020,35.194
201909012030,37.179
201909012040,36.99
201909012050,37.13
201909012100,35.46
201909012110,35.672
201909012120,36.475
201909012130,37.927
201909012140,38.53
201909012150,38.733
201909012200,36.279
201909012210,38.735
201909012220,36.632
201909012230,37.132
201909012240,39.228
201909012250,37.992
201909012300,40.744
201909012310,38.172
201909012320,38.613
201909012330,38.971
201909012340,35.289
201909012350,40.848
201909020000,37.382
201909020010,37.793
201909020020,39.827
201909020030,38.624
201909020040,41.497
201909020050,38.077
201909020100,40.525
201909020110,40.98
201909020120,41.304
201909020130,39.894
201909020140,38.886
201909020150,40.53
201909020200,40.661
201909020210,41.488
201909020220,35.409
201909020230,33.429
201909020240,40.336
201909020250,41.036
201909020300,40.327
201909020310,40.694
201909020320,41.947
201909020330,36.791
201909020340,40.191
201909020350,41.053
201909020400,40.723
201909020410,40.483
201909020420,36.025
201909020430,42.03
201909020440,40.963
201909020450,39.617
201909020500,40.076
201909020510,41.68
201909020520,41.103
201909020530,42.009
201909020540,41.35
201909020550,40.019
201909020600,39.314
201909020610,40.66
201909020620,39.5
201909020630,37.311
201909020640,38.207
201909020650,32.319
201909020700,34.429
201909020710,31.094
201909020720,36.965
201909020730,35.048
201909020740,32.616
201909020750,34.782
201909020800,35.857
201909020810,37.619
201909020820,38.82
201909020830,36.364
201909020840,38.236
201909020850,35.868
201909020900,38.406
201909020910,37.586
201909020920,36.775
201909020930,37.768
201909020940,37.446
201909020950,36.418
201909021000,38.338
201909021010,37.362
201909021020,37.794
201909021030,37.213
201909021040,36.754
201909021050,38.062
201909021100,39.861
201909021110,37.204
201909021120,38.453
201909021130,37.956
201909021140,38.808
201909021150,39.556
201909021200,36.498
201909021210,37.993
201909021220,38.406
201909021230,38.684
201909021240,37.782
201909021250,38.858
201909021300,38.397
201909021310,39.759
201909021320,39.48
201909021330,38.702
201909021340,39.725
201909021350,38.215
201909021400,38.815
201909021410,38.184
201909021420,38.553
201909021430,38.453
201909021440,37.283
201909021450,37.277
201909021500,37.906
201909021510,37.579
201909021520,36.266
201909021530,36.843
201909021540,34.667
201909021550,33.482
201909021600,29.767
201909021610,38.335
201909021620,39.08
201909021630,36.885
201909021640,34.239
201909021650,36.28
201909021700,35.329
201909021710,33.789
201909021720,31.458
201909021730,32.619
201909021740,33.518
201909021750,27.75
201909021800,33.647
201909021810,31.51
201909021820,30.558
201909021830,30.336
201909021840,26.561
201909021850,20.747
201909021900,30.017
201909021910,33.655
201909021920,33.405
201909021930,35.014
201909021940,33.832
201909021950,34.089
201909022000,34.725
201909022010,33.93
201909022020,34.087
201909022030,35.037
201909022040,36.161
201909022050,37.012
201909022100,35.367
201909022110,35.024
201909022120,35.795
201909022130,35.686
201909022140,35.301
201909022150,36.219
201909022200,37.004
201909022210,36.813
201909022220,30.886
201909022230,20.276
201909022240,37.617
201909022250,37.812
201909022300,39.832
201909022310,40.258
201909022320,37.014
201909022330,38.052
201909022340,37.552
201909022350,40.937
201909030000,39.481
201909030010,35.209
201909030020,39.962
201909030030,40.593
201909030040,40.914
201909030050,40.817
201909030100,39.171
201909030110,40.917
201909030120,40.386
201909030130,37.375
201909030140,39.922
201909030150,39.493
201909030200,39.676
201909030210,40.811
201909030220,40.797
201909030230,41.27
201909030240,40.409
201909030250,40.105
201909030300,37.418
201909030310,37.206
201909030320,40.658
201909030330,36.151
201909030340,40.605
201909030350,37.33
201909030400,40.71
201909030410,38.965
201909030420,40.782
201909030430,40.115
201909030440,40.102
201909030450,41.141
201909030500,40.898
201909030510,37.901
201909030520,41.12
201909030530,35.544
201909030540,33.862
201909030550,39.647
201909030600,38.678
201909030610,39.183
201909030620,39.511
201909030630,38.131
201909030640,38.252
201909030650,37.508
201909030700,35.811
201909030710,35.35
201909030720,36.002
201909030730,34.964
201909030740,33.924
201909030750,35.166
201909030800,36.156
201909030810,34.692
201909030820,35.827
201909030830,36.211
201909030840,39.385
201909030850,38.121
201909030900,37.305
201909030910,37.207
201909030920,37.67
201909030930,37.566
201909030940,37.647
201909030950,37.473
201909031000,37.711
201909031010,39.133
201909031020,38.565
201909031030,41.194
201909031040,37.932
201909031050,38.821
201909031100,39.405
201909031110,37.388
201909031120,38.937
201909031130,38.489
201909031140,37.167
201909031150,38.125
201909031200,37.935
201909031210,38.598
201909031220,37.094
201909031230,38.323
201909031240,39.574
201909031250,39.691
201909031300,37.898
201909031310,39.112
201909031320,40.34
201909031330,38.754
201909031340,39.836
201909031350,39.808
201909031400,37.607
201909031410,37.476
201909031420,38.684
201909031430,37.591
201909031440,39.102
201909031450,38.704
201909031500,37.351
201909031510,38.148
201909031520,37.688
201909031530,36.939
201909031540,34.919
201909031550,36.704
201909031600,37.575
201909031610,37.14
201909031620,37.018
201909031630,36.985
201909031640,33.713
201909031650,34.682
201909031700,33.441
201909031710,33.453
201909031720,30.157
201909031730,30.301
201909031740,29.027
201909031750,25.934
201909031800,31.522
201909031810,22.49
201909031820,25.795
201909031830,29.358
201909031840,25.511
201909031850,33.409
201909031900,33.558
201909031910,31.471
201909031920,32.849
201909031930,34.975
201909031940,34.943
201909031950,35.257
201909032000,34.341
201909032010,32.093
201909032020,35.511
201909032030,35.604
201909032040,34.375
201909032050,35.611
201909032100,34.701
201909032110,35.629
201909032120,22.606
201909032130,34.031
201909032140,34.789
201909032150,36.641
201909032200,36.048
201909032210,35.559
201909032220,37.788
201909032230,36.713
201909032240,37.926
201909032250,39.089
201909032300,38.727
201909032310,39.977
201909032320,39.003
201909032330,40.827
201909032340,39.689
201909032350,38.271
201909040000,40.571
201909040010,39.108
201909040020,40.058
201909040030,40.641
201909040040,37.067
201909040050,41.004
201909040100,41.109
201909040110,39.517
201909040120,40.734
201909040130,41.752
201909040140,41.002
201909040150,40.634
201909040200,41.516
201909040210,39.697
201909040220,39.256
201909040230,41.267
201909040240,40.808
201909040250,41.361
201909040300,39.454
201909040310,38.544
201909040320,41.411
201909040330,41.256
201909040340,41.834
201909040350,39.655
201909040400,40.645
201909040410,40.002
201909040420,40.338
201909040430,35.003
201909040440,41.315
201909040450,35.096
201909040500,36.346
201909040510,36.962
201909040520,40.581
201909040530,34.908
201909040540,41.401
201909040550,41.243
201909040600,41.062
201909040610,41.061
201909040620,39.886
201909040630,40.24
201909040640,40.104
201909040650,36.886
201909040700,35.647
201909040710,37.771
201909040720,36.674
201909040730,34.481
201909040740,34.993
201909040750,34.843
201909040800,36.642
201909040810,38.583
201909040820,38.78
201909040830,36.011
201909040840,37.129
201909040850,37.19
201909040900,36.833
201909040910,37.836
201909040920,37.553
201909040930,38.958
201909040940,37.18
201909040950,38.239
201909041000,38.866
201909041010,38.827
201909041020,39.042
201909041030,39.045
201909041040,39.639
201909041050,40.463
201909041100,38.715
201909041110,36.387
201909041120,38.328
201909041130,37.689
201909041140,37.796
201909041150,37.911
201909041200,37.527
201909041210,36.554
201909041220,37.892
201909041230,39.428
201909041240,37.962
201909041250,38.576
201909041300,39.529
201909041310,38.598
201909041320,37.571
201909041330,37.633
201909041340,39.852
201909041350,38.283
201909041400,40.729
201909041410,39.569
201909041420,38.675
201909041430,40.063
201909041440,38.372
201909041450,39.151
201909041500,38.483
201909041510,38.037
201909041520,36.563
201909041530,35.924
201909041540,36.824
201909041550,37.962
201909041600,37.162
201909041610,36.789
201909041620,36.567
201909041630,36.133
201909041640,36.634
201909041650,34.62
201909041700,33.567
201909041710,28.873
201909041720,33.254
201909041730,33.31
201909041740,28.295
201909041750,25.216
201909041800,25.886
201909041810,26.086
201909041820,24.547
201909041830,33.257
201909041840,24.779
201909041850,28.324
201909041900,29.587
201909041910,32.356
201909041920,32.125
201909041930,28.953
201909041940,33.481
201909041950,34.511
201909042000,34.548
201909042010,33.901
201909042020,34.931
201909042030,33.381
201909042040,34.404
201909042050,35.324
201909042100,34.515
201909042110,34.966
201909042120,35.592
201909042130,35.206
201909042140,34.664
201909042150,34.987
201909042200,36.963
201909042210,35.713
201909042220,34.905
201909042230,35.718
201909042240,36.788
201909042250,37.113
201909042300,37.72
201909042310,37.675
201909042320,36.07
201909042330,38.005
201909042340,39.606
201909042350,36.952
201909050000,41.271
201909050010,39.68
201909050020,39.586
201909050030,40.13
201909050040,40.929
201909050050,41.207
201909050100,39.646
201909050110,41.033
201909050120,41.38
201909050130,41.157
201909050140,41.125
201909050150,41.268
201909050200,41.032
201909050210,40.729
201909050220,38.528
201909050230,40.377
201909050240,40.844
201909050250,41.21
201909050300,37.729
201909050310,38.207
201909050320,40.398
201909050330,38.182
201909050340,35.159
201909050350,33.882
201909050400,40.11
201909050410,40.479
201909050420,37.561
201909050430,39.198
201909050440,36.985
201909050450,36.684
201909050500,36.966
201909050510,40.153
201909050520,41.431
201909050530,40.025
201909050540,35.638
201909050550,39.305
201909050600,39.733
201909050610,39.119
201909050620,41.515
201909050630,41.553
201909050640,38.861
201909050650,38.06
201909050700,31.758
201909050710,31.642
201909050720,33.865
201909050730,36.815
201909050740,34.276
201909050750,34.123
201909050800,31.192
201909050810,38.154
201909050820,36.895
201909050830,38.425
201909050840,36.418
201909050850,36.757
201909050900,38.067
201909050910,35.397
201909050920,36.085
201909050930,36.438
201909050940,38.237
201909050950,37.427
201909051000,38.014
201909051010,38.665
201909051020,38.108
201909051030,37.578
201909051040,37.681
201909051050,38.095
201909051100,38.067
201909051110,36.712
201909051120,38.682
201909051130,37.246
201909051140,37.547
201909051150,36.884
201909051200,37.626
201909051210,38.486
201909051220,38.169
201909051230,36.876
201909051240,38.032
201909051250,39.157
201909051300,37.911
201909051310,37.171
201909051320,37.399
201909051330,37.907
201909051340,38.423
201909051350,28.385
201909051400,36.485
201909051410,38.887
201909051420,39.948
201909051430,37.975
201909051440,39.617
201909051450,37.018
201909051500,37.72
201909051510,38.233
201909051520,37.676
201909051530,38.517
201909051540,34.628
201909051550,37.048
201909051600,36.04
201909051610,37.297
201909051620,38.927
201909051630,36.212
201909051640,35.263
201909051650,36.074
201909051700,37.341
201909051710,32.701
201909051720,34.48
201909051730,32.617
201909051740,29.826
201909051750,31.623
201909051800,32.112
201909051810,28.98
201909051820,26.845
201909051830,29.154
201909051840,32.438
201909051850,32.194
201909051900,31.838
201909051910,32.39
201909051920,31.082
201909051930,31.331
201909051940,33.882
201909051950,35.703
201909052000,34.059
201909052010,31.957
201909052020,34.275
201909052030,23.521
201909052040,30.427
201909052050,34.98
201909052100,35.103
201909052110,36.294
201909052120,29.216
201909052130,21.064
201909052140,33.529
201909052150,24.15
201909052200,33.94
201909052210,37.623
201909052220,36.356
201909052230,24.204
201909052240,23.794
201909052250,36.978
201909052300,39.435
201909052310,39.46
201909052320,39.591
201909052330,40.826
201909052340,41.603
201909052350,40.059
201909060000,37.897
201909060010,40.853
201909060020,40.084
201909060030,38.822
201909060040,40.77
201909060050,38.667
201909060100,40.886
201909060110,40.686
201909060120,40.619
201909060130,39.203
201909060140,38.548
201909060150,41.168
201909060200,41.189
201909060210,39.842
201909060220,41.193
201909060230,40.612
201909060240,40.16
201909060250,40.87
201909060300,40.567
201909060310,38.903
201909060320,40.096
201909060330,41.09
201909060340,37.956
201909060350,40.615
201909060400,34.808
201909060410,38.62
201909060420,40.39
201909060430,41.193
201909060440,40.515
201909060450,40.842
201909060500,41.41
201909060510,40.016
201909060520,40.786
201909060530,34.608
201909060540,37.869
201909060550,37.458
201909060600,39.224
201909060610,39.392
201909060620,41.638
201909060630,41.283
201909060640,37.344
201909060650,38.086
201909060700,37.046
201909060710,34.534
201909060720,33.997
201909060730,37.687
201909060740,33.837
201909060750,26.307
201909060800,28.979
201909060810,34.677
201909060820,36.59
201909060830,39.041
201909060840,37.849
201909060850,37.67
201909060900,37.888
201909060910,38.205
201909060920,39.099
201909060930,37.791
201909060940,37.074
201909060950,39.472
201909061000,36.629
201909061010,38.484
201909061020,37.6
201909061030,37.537
201909061040,37.546
201909061050,38.2
201909061100,36.699
201909061110,37.168
201909061120,39.144
201909061130,38.332
201909061140,37.496
201909061150,37.412
201909061200,37.523
201909061210,37.961
201909061220,38.08
201909061230,38.567
201909061240,39.2
201909061250,38.05
201909061300,38.477
201909061310,39.165
201909061320,39.685
201909061330,40.41
201909061340,38.348
201909061350,39.294
201909061400,39.366
201909061410,38.304
201909061420,37.662
201909061430,35.781
201909061440,37.863
201909061450,38.667
201909061500,37.964
201909061510,37.709
201909061520,36.059
201909061530,36.819
201909061540,34.57
201909061550,32.607
201909061600,36.534
201909061610,36.641
201909061620,35.801
201909061630,36.628
201909061640,28.177
201909061650,27.366
201909061700,24.227
201909061710,29.254
201909061720,28.645
201909061730,25.682
201909061740,26.417
201909061750,22.92
201909061800,25.98
201909061810,21.236
201909061820,16.662
201909061830,13.835
201909061840,12.213
201909061850,18.334
201909061900,16.708
201909061910,29.431
201909061920,24.062
201909061930,18.849
201909061940,20.704
201909061950,20.47
201909062000,22.827
201909062010,19.326
201909062020,17.671
201909062030,23.129
201909062040,24.282
201909062050,33.319
201909062100,32.722
201909062110,33.628
201909062120,33.002
201909062130,27.805
201909062140,29.126
201909062150,25.775
201909062200,20.685
201909062210,23.666
201909062220,20.434
201909062230,23.421
201909062240,26.383
201909062250,28.67
201909062300,34.145
201909062310,37.891
201909062320,40.142
201909062330,37.109
201909062340,37.819
201909062350,37.501
201909070000,38.436
201909070010,36.934
201909070020,40.213
201909070030,40.861
201909070040,41.31
201909070050,41.697
201909070100,40.772
201909070110,41.516
201909070120,40.761
201909070130,41.044
201909070140,40.403
201909070150,40.065
201909070200,40.835
201909070210,41.182
201909070220,40.83
201909070230,40.829
201909070240,40.562
201909070250,40.047
201909070300,40.436
201909070310,39.073
201909070320,40.488
201909070330,39.283
201909070340,38.597
201909070350,42.184
201909070400,40.26
201909070410,41.099
201909070420,40.116
201909070430,40.809
201909070440,39.533
201909070450,40.754
201909070500,40.732
201909070510,40.169
201909070520,38.784
201909070530,38.517
201909070540,40.653
201909070550,39.217
201909070600,41.177
201909070610,40.656
201909070620,38.052
201909070630,39.534
201909070640,39.65
201909070650,37.675
201909070700,38.979
201909070710,40.337
201909070720,37.491
201909070730,36.742
201909070740,38.861
201909070750,39.514
201909070800,37.951
201909070810,36.622
201909070820,40.712
201909070830,37.604
201909070840,38.424
201909070850,37.113
201909070900,37.282
201909070910,37.29
201909070920,36.255
201909070930,37.159
201909070940,35.781
201909070950,36.861
201909071000,35.374
201909071010,36.13
201909071020,35.164
201909071030,36.094
201909071040,36.949
201909071050,37.144
201909071100,37.898
201909071110,36.341
201909071120,36.187
201909071130,36.592
201909071140,30.072
201909071150,35.29
201909071200,36.11
201909071210,36.311
201909071220,35.444
201909071230,36.218
201909071240,36.354
201909071250,36.933
201909071300,37.743
201909071310,37.915
201909071320,36.105
201909071330,38.116
201909071340,36.261
201909071350,37.559
201909071400,35.719
201909071410,37.349
201909071420,38.296
201909071430,36.578
201909071440,37.723
201909071450,22.178
201909071500,35.485
201909071510,35.014
201909071520,35.879
201909071530,36.007
201909071540,35.425
201909071550,35.215
201909071600,34.706
201909071610,34.546
201909071620,33.435
201909071630,29.568
201909071640,33.768
201909071650,31.071
201909071700,29.662
201909071710,31.067
201909071720,35.316
201909071730,32.42
201909071740,32.108
201909071750,27.162
201909071800,34.782
201909071810,34.598
201909071820,33.41
201909071830,24.466
201909071840,33.437
201909071850,32.909
201909071900,31.414
201909071910,29.022
201909071920,28.122
201909071930,19.646
201909071940,18.406
201909071950,22.001
201909072000,25.741
201909072010,22.899
201909072020,34.678
201909072030,34.402
201909072040,34.287
201909072050,35.312
201909072100,37.113
201909072110,35.701
201909072120,37.195
201909072130,37.086
201909072140,36.277
201909072150,37.433
201909072200,36.527
201909072210,38.268
201909072220,36.435
201909072230,37.248
201909072240,37.847
201909072250,37.125
201909072300,37.525
201909072310,39.761
201909072320,38.533
201909072330,37.877
201909072340,38.68
201909072350,38.027
201909080000,41.686
201909080010,41.711
201909080020,37.524
201909080030,39.913
201909080040,38.599
201909080050,41.657
201909080100,40.7
201909080110,41.32
201909080120,40.235
201909080130,39.891
201909080140,38.985
201909080150,40.562
201909080200,40.59
201909080210,40.874
201909080220,40.037
201909080230,39.164
201909080240,41.37
201909080250,40.846
201909080300,40.367
201909080310,35.658
201909080320,41.177
201909080330,40.661
201909080340,40.461
201909080350,41.288
201909080400,40.905
201909080410,39.897
201909080420,40.496
201909080430,41.751
201909080440,40.422
201909080450,35.662
201909080500,37.245
201909080510,41.011
201909080520,41.711
201909080530,40.58
201909080540,41.13
201909080550,40.248
201909080600,39.992
201909080610,37.731
201909080620,40.383
201909080630,37.824
201909080640,41.314
201909080650,40.765
201909080700,41.018
201909080710,38.444
201909080720,41.036
201909080730,39.604
201909080740,40.548
201909080750,41.057
201909080800,40.916
201909080810,39.475
201909080820,38.222
201909080830,37.206
201909080840,37.709
201909080850,37.826
201909080900,39.008
201909080910,36.355
201909080920,36.89
201909080930,38.595
201909080940,36.912
201909080950,36.182
201909081000,35.126
201909081010,36.809
201909081020,34.387
201909081030,34.834
201909081040,35.564
201909081050,37.306
201909081100,36.327
201909081110,37.029
201909081120,35.159
201909081130,37.235
201909081140,35.704
201909081150,36.258
201909081200,36.612
201909081210,37.715
201909081220,36.431
201909081230,36.233
201909081240,37.006
201909081250,37.378
201909081300,40.247
201909081310,37.196
201909081320,37.051
201909081330,36.317
201909081340,36.973
201909081350,37.044
201909081400,38.384
201909081410,38.001
201909081420,37.782
201909081430,36.128
201909081440,38.274
201909081450,35.956
201909081500,37.427
201909081510,35.93
201909081520,34.561
201909081530,36.983
201909081540,37.183
201909081550,36.684
201909081600,36.36
201909081610,35.477
201909081620,35.255
201909081630,34.133
201909081640,34.362
201909081650,16.127
201909081700,34.25
201909081710,31.887
201909081720,27.519
201909081730,30.118
201909081740,35.251
201909081750,32.925
201909081800,33.871
201909081810,34.284
201909081820,34.062
201909081830,26.987
201909081840,33.687
201909081850,31.435
201909081900,33.464
201909081910,34.434
201909081920,33.415
201909081930,34.284
201909081940,34.085
201909081950,35.16
201909082000,36.109
201909082010,35.328
201909082020,35.28
201909082030,35.407
201909082040,35.537
201909082050,35.473
201909082100,35.97
201909082110,34.577
201909082120,36.879
201909082130,36.239
201909082140,38.089
201909082150,37.909
201909082200,36.871
201909082210,37.817
201909082220,36.103
201909082230,35.329
201909082240,37.105
201909082250,37.774
201909082300,38.577
201909082310,39.266
201909082320,40.447
201909082330,41.854
201909082340,39.849
201909082350,38.822
201909090000,39.273
201909090010,38.788
201909090020,38.269
201909090030,38.191
201909090040,41.135
201909090050,36.751
201909090100,39.067
201909090110,36.27
201909090120,40.948
201909090130,41.61
201909090140,39.512
201909090150,41.143
201909090200,41.652
201909090210,41.011
201909090220,41.289
201909090230,40.535
201909090240,41.241
201909090250,41.347
201909090300,40.793
201909090310,37.911
201909090320,38.367
201909090330,39.531
201909090340,40.515
201909090350,40.82
201909090400,41.888
201909090410,37.812
201909090420,40.594
201909090430,41.514
201909090440,41.847
201909090450,39.522
201909090500,41.226
201909090510,40.413
201909090520,41.614
201909090530,38.648
201909090540,40.692
201909090550,40.538
201909090600,40.131
201909090610,38.352
201909090620,40.035
201909090630,41.514
201909090640,40.913
201909090650,38.852
201909090700,38.393
201909090710,37.295
201909090720,38.112
201909090730,36.703
201909090740,31.135
201909090750,35.077
201909090800,25.449
201909090810,36.002
201909090820,38.094
201909090830,38.515
201909090840,38.708
201909090850,38.368
201909090900,40.983
201909090910,40.409
201909090920,39.465
201909090930,38.383
201909090940,38.479
201909090950,37.582
201909091000,38.976
201909091010,39.5
201909091020,35.83
201909091030,36.924
201909091040,39.075
201909091050,37.811
201909091100,39.615
201909091110,38.733
201909091120,37.579
201909091130,39.045
201909091140,35.992
201909091150,36.497
201909091200,36.402
201909091210,37.182
201909091220,40.137
201909091230,37.381
201909091240,38.4
201909091250,37.551
201909091300,37.635
201909091310,36.913
201909091320,38.837
201909091330,38.973
201909091340,38.588
201909091350,37.201
201909091400,36.181
201909091410,39.335
201909091420,40.598
201909091430,37.624
201909091440,37.852
201909091450,36.275
201909091500,37.679
201909091510,36.191
201909091520,36.639
201909091530,35.398
201909091540,35.604
201909091550,34.786
201909091600,35.666
201909091610,36.568
201909091620,31.142
201909091630,33.956
201909091640,31.158
201909091650,26.976
201909091700,26.379
201909091710,27.598
201909091720,20.723
201909091730,19.362
201909091740,11.541
201909091750,15.359
201909091800,15.967
201909091810,18.827
201909091820,17.285
201909091830,13.991
201909091840,15.248
201909091850,10.214
201909091900,8.668
201909091910,9.406
201909091920,13.194
201909091930,10.397
201909091940,17.32
201909091950,18.579
201909092000,20.029
201909092010,22.927
201909092020,26.52
201909092030,24.61
201909092040,29.642
201909092050,27.215
201909092100,31.955
201909092110,26.279
201909092120,22.357
201909092130,29.036
201909092140,27.003
201909092150,33.915
201909092200,34.526
201909092210,28.287
201909092220,29.152
201909092230,35.108
201909092240,36.894
201909092250,35.161
201909092300,37.133
201909092310,37.283
201909092320,36.695
201909092330,36.859
201909092340,37.61
201909092350,39.496
201909100000,35.44
201909100010,38.142
201909100020,40.25
201909100030,36.993
201909100040,38.497
201909100050,39.9
201909100100,36.543
201909100110,35.387
201909100120,37.032
201909100130,39.087
201909100140,37.302
201909100150,38.272
201909100200,36.116
201909100210,37.986
201909100220,37.955
201909100230,37.96
201909100240,38.774
201909100250,41.531
201909100300,40.677
201909100310,40.577
201909100320,40.066
201909100330,41.093
201909100340,35.503
201909100350,41.186
201909100400,38.256
201909100410,34.261
201909100420,38.41
201909100430,39.196
201909100440,40.191
201909100450,34.779
201909100500,34.386
201909100510,39.992
201909100520,38.393
201909100530,39.42
201909100540,41.043
201909100550,38.199
201909100600,39.819
201909100610,37.388
201909100620,38.589
201909100630,37.936
201909100640,37.237
201909100650,35.69
201909100700,30.464
201909100710,23.561
201909100720,19.885
201909100730,18.797
201909100740,17.108
201909100750,7.279
201909100800,19.379
201909100810,16.829
201909100820,35.91
201909100830,35.858
201909100840,36.671
201909100850,40.169
201909100900,38.577
201909100910,36.882
201909100920,38.595
201909100930,38.923
201909100940,36.289
201909100950,38.222
201909101000,38.328
201909101010,37.352
201909101020,35.358
201909101030,37.219
201909101040,36.952
201909101050,37.806
201909101100,37.362
201909101110,37.098
201909101120,36.93
201909101130,38.009
201909101140,37.544
201909101150,37.401
201909101200,36.72
201909101210,38.011
201909101220,38.574
201909101230,36.032
201909101240,38.983
201909101250,38.33
201909101300,38.388
201909101310,37.302
201909101320,37.55
201909101330,36.591
201909101340,37.715
201909101350,36.595
201909101400,38.28
201909101410,38.918
201909101420,37.044
201909101430,36.373
201909101440,39.078
201909101450,38.682
201909101500,37.31
201909101510,37.871
201909101520,35.331
201909101530,35.767
201909101540,31.537
201909101550,35.366
201909101600,37.105
201909101610,36.473
201909101620,34.923
201909101630,36.241
201909101640,36.567
201909101650,35.776
201909101700,26.199
201909101710,35.631
201909101720,29.922
201909101730,27.599
201909101740,29.11
201909101750,29.761
201909101800,33.028
201909101810,25.963
201909101820,27.948
201909101830,23.405
201909101840,27.578
201909101850,30.084
201909101900,27.545
201909101910,29.677
201909101920,28.014
201909101930,26.397
201909101940,28.523
201909101950,27.306
201909102000,23.717
201909102010,24.325
201909102020,24.705
201909102030,33.728
201909102040,34.353
201909102050,36.281
201909102100,35.635
201909102110,33.526
201909102120,34.991
201909102130,34.187
201909102140,31.116
201909102150,35.404
201909102200,37.373
201909102210,37.4
201909102220,36.185
201909102230,37.529
201909102240,37.87
201909102250,36.915
201909102300,39.392
201909102310,40.509
201909102320,39.694
201909102330,40.961
201909102340,41.296
201909102350,39.656
201909110000,40.828
201909110010,39.345
201909110020,39.573
201909110030,38.193
201909110040,40.086
201909110050,41.434
201909110100,40.725
201909110110,38.281
201909110120,41.638
201909110130,40.531
201909110140,38.117
201909110150,41.96
201909110200,40.59
201909110210,39.2
201909110220,41.237
201909110230,41.959
201909110240,41.396
201909110250,40.417
201909110300,41.865
201909110310,39.535
201909110320,35.127
201909110330,37.631
201909110340,38.302
201909110350,40.701
201909110400,40.761
201909110410,38.655
201909110420,40.519
201909110430,38.558
201909110440,30.156
201909110450,40.049
201909110500,40.435
201909110510,40.195
201909110520,39.959
201909110530,40.799
201909110540,40.589
201909110550,40.054
201909110600,40.95
201909110610,40.424
201909110620,38.433
201909110630,38.127
201909110640,38.831
201909110650,38.856
201909110700,37.276
201909110710,33.986
201909110720,36.931
201909110730,35.767
201909110740,34.5
201909110750,37.163
201909110800,36.132
201909110810,35.614
201909110820,36.439
201909110830,38.736
201909110840,37.509
201909110850,38.084
201909110900,37.367
201909110910,38.099
201909110920,37.071
201909110930,38.505
201909110940,38.568
201909110950,39.128
201909111000,37.03
201909111010,38.378
201909111020,38.143
201909111030,38.877
201909111040,38.563
201909111050,37.841
201909111100,38.529
201909111110,37.748
201909111120,38.779
201909111130,38.715
201909111140,37.834
201909111150,38.526
201909111200,37.721
201909111210,38.216
201909111220,38.882
201909111230,38.682
201909111240,38.747
201909111250,38.783
201909111300,39.574
201909111310,39.276
201909111320,37.389
201909111330,38.278
201909111340,38.595
201909111350,37.315
201909111400,39.32
201909111410,41.075
201909111420,37.908
201909111430,37.799
201909111440,38.469
201909111450,37.155
201909111500,35.806
201909111510,38.834
201909111520,35.17
201909111530,37.593
201909111540,36.689
201909111550,36.672
201909111600,36.118
201909111610,35.557
201909111620,35.566
201909111630,36.607
201909111640,32.873
201909111650,35.526
201909111700,35.018
201909111710,28.714
201909111720,30.386
201909111730,29.981
201909111740,27.834
201909111750,21.761
201909111800,23.817
201909111810,24.608
201909111820,25.067
201909111830,27.971
201909111840,32.213
201909111850,31.177
201909111900,27.73
201909111910,31.523
201909111920,22.478
201909111930,29.113
201909111940,27.542
201909111950,33.618
201909112000,32.333
201909112010,30.139
201909112020,32.121
201909112030,32.589
201909112040,33.902
201909112050,33.779
201909112100,34.071
201909112110,33.225
201909112120,32.226
201909112130,33.571
201909112140,35.235
201909112150,34.738
201909112200,34.512
201909112210,33.734
201909112220,29.941
201909112230,20.767
201909112240,34.617
201909112250,37.9
201909112300,39.823
201909112310,38.745
201909112320,38.139
201909112330,39.451
201909112340,39.622
201909112350,39.442
201909120000,37.69
201909120010,39.817
201909120020,39.263
201909120030,41.309
201909120040,38.911
201909120050,41.04
201909120100,40.704
201909120110,40.708
201909120120,40.649
201909120130,41.427
201909120140,37.992
201909120150,40.801
201909120200,36.682
201909120210,38.317
201909120220,40.819
201909120230,40.904
201909120240,40.471
201909120250,41.304
201909120300,41.352
201909120310,39.919
201909120320,36.259
201909120330,39.86
201909120340,38.575
201909120350,40.859
201909120400,41.215
201909120410,41.016
201909120420,35.279
201909120430,35.988
201909120440,35.9
201909120450,34.632
201909120500,38.724
201909120510,39.099
201909120520,38.358
201909120530,41.551
201909120540,41.245
201909120550,40.608
201909120600,40.961
201909120610,38.633
201909120620,41.627
201909120630,40.07
201909120640,37.931
201909120650,39.044
201909120700,37.814
201909120710,32.23
201909120720,36.208
201909120730,37.08
201909120740,35.907
201909120750,36.13
201909120800,31.892
201909120810,36.884
201909120820,39.077
201909120830,37.238
201909120840,38.37
201909120850,36.721
201909120900,37.095
201909120910,36.627
201909120920,38.506
201909120930,38.789
201909120940,38.434
201909120950,39.196
201909121000,38.278
201909121010,39.523
201909121020,41.374
201909121030,37.988
201909121040,27.91
201909121050,40.706
201909121100,38.333
201909121110,39.658
201909121120,39.089
201909121130,37.791
201909121140,39.469
201909121150,38.614
201909121200,37.516
201909121210,38.21
201909121220,38.64
201909121230,38.575
201909121240,38.547
201909121250,38.902
201909121300,37.217
201909121310,37.686
201909121320,38.343
201909121330,38.048
201909121340,37.644
201909121350,37.661
201909121400,38.544
201909121410,38.841
201909121420,38.179
201909121430,38.084
201909121440,38.638
201909121450,36.829
201909121500,37.975
201909121510,33.031
201909121520,35.444
201909121530,36.011
201909121540,35.677
201909121550,33.298
201909121600,35.752
201909121610,35.583
201909121620,33.723
201909121630,21.649
201909121640,21.703
201909121650,27.531
201909121700,25.319
201909121710,24.969
201909121720,22.93
201909121730,20.261
201909121740,15.763
201909121750,16.089
201909121800,15.942
201909121810,17.635
201909121820,19.089
201909121830,17.975
201909121840,14.018
201909121850,15.696
201909121900,15.126
201909121910,13.913
201909121920,19.086
201909121930,13.853
201909121940,14.631
201909121950,16.667
201909122000,21.575
201909122010,20.373
201909122020,17.527
201909122030,17.365
201909122040,21.437
201909122050,33.201
201909122100,30.595
201909122110,24.152
201909122120,18.805
201909122130,25.776
201909122140,15.443
201909122150,30.934
201909122200,29.468
201909122210,21.543
201909122220,20.86
201909122230,22.413
201909122240,23.007
201909122250,18.781
201909122300,21.354
201909122310,26.156
201909122320,38.568
201909122330,39.275
201909122340,38.209
201909122350,37.69
201909130000,38.069
201909130010,37.678
201909130020,37.12
201909130030,37.051
201909130040,38.327
201909130050,36.256
201909130100,38.824
201909130110,39.95
201909130120,39.676
201909130130,40.203
201909130140,40.581
201909130150,35.48
201909130200,40.831
201909130210,40.945
201909130220,40.76
201909130230,39.412
201909130240,38.476
201909130250,39.507
201909130300,40.463
201909130310,41.416
201909130320,38.678
201909130330,40.73
201909130340,40.381
201909130350,40.602
201909130400,38.836
201909130410,40.004
201909130420,40.832
201909130430,38.942
201909130440,41.071
201909130450,40.053
201909130500,40.307
201909130510,40.941
201909130520,39.908
201909130530,41.553
201909130540,37.796
201909130550,39.466
201909130600,41.686
201909130610,38.381
201909130620,36.342
201909130630,40.337
201909130640,39.966
201909130650,41.183
201909130700,41.036
201909130710,38.355
201909130720,39.496
201909130730,41.061
201909130740,41.277
201909130750,39.801
201909130800,41.034
201909130810,39.778
201909130820,41.547
201909130830,40.916
201909130840,40.08
201909130850,38.649
201909130900,41.511
201909130910,39.644
201909130920,38.527
201909130930,38.139
201909130940,38.859
201909130950,39.088
201909131000,37.347
201909131010,37.52
201909131020,36.937
201909131030,36.628
201909131040,38.348
201909131050,32.679
201909131100,29.932
201909131110,34.769
201909131120,26.431
201909131130,18.685
201909131140,25.635
201909131150,30.955
201909131200,35.073
201909131210,36.484
201909131220,37.685
201909131230,39.148
201909131240,39.153
201909131250,39.788
201909131300,37.801
201909131310,39.913
201909131320,40.609
201909131330,37.446
201909131340,39.33
201909131350,38.08
201909131400,30.505
201909131410,37.231
201909131420,38.754
201909131430,39.127
201909131440,37.478
201909131450,38.699
201909131500,38.113
201909131510,38.207
201909131520,39.367
201909131530,38.157
201909131540,38.43
201909131550,37.825
201909131600,37.445
201909131610,36.685
201909131620,36.525
201909131630,37.724
201909131640,35.751
201909131650,37.445
201909131700,36.508
201909131710,37.509
201909131720,38.129
201909131730,35.258
201909131740,35.896
201909131750,36.316
201909131800,37.053
201909131810,37.554
201909131820,36.87
201909131830,36.27
201909131840,35.893
201909131850,36.092
201909131900,36.527
201909131910,36.246
201909131920,36.758
201909131930,35.054
201909131940,37.712
201909131950,37.663
201909132000,36.289
201909132010,35.588
201909132020,38.459
201909132030,36.822
201909132040,37.068
201909132050,38.065
201909132100,37.431
201909132110,36.774
201909132120,36.722
201909132130,37.51
201909132140,37.111
201909132150,38.33
201909132200,38.555
201909132210,38.287
201909132220,37.203
201909132230,37.616
201909132240,40.451
201909132250,40.249
201909132300,39.24
201909132310,40.253
201909132320,37.987
201909132330,39.307
201909132340,40.674
201909132350,40.49
201909140000,38.427
201909140010,39.472
201909140020,41.523
201909140030,38.442
201909140040,39.329
201909140050,41.072
201909140100,40.753
201909140110,41.018
201909140120,41.211
201909140130,41.105
201909140140,41.501
201909140150,39.721
201909140200,38.226
201909140210,40.537
201909140220,41.074
201909140230,40.449
201909140240,41.091
201909140250,41.142
201909140300,41.094
201909140310,40.433
201909140320,41.245
201909140330,40.614
201909140340,40.601
201909140350,41.206
201909140400,40.494
201909140410,41.227
201909140420,40.891
201909140430,39.995
201909140440,35.923
201909140450,40.663
201909140500,40.582
201909140510,42.148
201909140520,39.03
201909140530,40.422
201909140540,41.136
201909140550,40.465
201909140600,41.176
201909140610,40.41
201909140620,29.609
201909140630,37.207
201909140640,41.728
201909140650,36.824
201909140700,40.958
201909140710,40.366
201909140720,40.377
201909140730,41.278
201909140740,37.967
201909140750,40
201909140800,41.053
201909140810,39.584
201909140820,39.51
201909140830,40.281
201909140840,37.756
201909140850,40.54
201909140900,39.753
201909140910,38.243
201909140920,38.596
201909140930,39.149
201909140940,38.14
201909140950,38.628
201909141000,37.487
201909141010,38.323
201909141020,38.034
201909141030,38.509
201909141040,37.691
201909141050,37.41
201909141100,36.907
201909141110,37.983
201909141120,37.114
201909141130,37.768
201909141140,36.788
201909141150,37.362
201909141200,37.812
201909141210,39.276
201909141220,38.725
201909141230,38.734
201909141240,38.015
201909141250,36.538
201909141300,38.999
201909141310,37.648
201909141320,38.147
201909141330,38.938
201909141340,39.616
201909141350,38.618
201909141400,40.078
201909141410,39.151
201909141420,37.279
201909141430,37.165
201909141440,38.568
201909141450,35.924
201909141500,38.441
201909141510,37.728
201909141520,38.223
201909141530,38.401
201909141540,38.292
201909141550,37.053
201909141600,37.637
201909141610,30.685
201909141620,36.863
201909141630,36.03
201909141640,36.103
201909141650,38.073
201909141700,37.032
201909141710,36.744
201909141720,35.994
201909141730,37.697
201909141740,35.386
201909141750,36.496
201909141800,37.156
201909141810,36.187
201909141820,35.278
201909141830,36.214
201909141840,34.678
201909141850,31.475
201909141900,37.424
201909141910,35.059
201909141920,35.908
201909141930,34.357
201909141940,36.204
201909141950,37.65
201909142000,37.829
201909142010,36.258
201909142020,36.13
201909142030,36.342
201909142040,37.503
201909142050,37.952
201909142100,38.417
201909142110,36.95
201909142120,36.832
201909142130,39.098
201909142140,37.5
201909142150,37.359
201909142200,37.125
201909142210,38.48
201909142220,37.742
201909142230,38.321
201909142240,38.321
201909142250,39.147
201909142300,37.294
201909142310,40.249
201909142320,40.746
201909142330,39.027
201909142340,38.245
201909142350,38.785
201909150000,39.642
201909150010,39.244
201909150020,40.308
201909150030,39.389
201909150040,41.264
201909150050,38.783
201909150100,38.936
201909150110,41.386
201909150120,39.573
201909150130,40.992
201909150140,41.283
201909150150,40.892
201909150200,37.072
201909150210,41.071
201909150220,40.463
201909150230,41.345
201909150240,40.791
201909150250,39.218
201909150300,39.442
201909150310,41.708
201909150320,40.265
201909150330,41.171
201909150340,40.834
201909150350,40.882
201909150400,40.872
201909150410,41.384
201909150420,40.437
201909150430,28.93
201909150440,37.099
201909150450,39.489
201909150500,41.56
201909150510,40.193
201909150520,40.604
201909150530,40.91
201909150540,40.144
201909150550,36.352
201909150600,41.301
201909150610,41.44
201909150620,39.898
201909150630,41.209
201909150640,41.892
201909150650,40.987
201909150700,39.425
201909150710,40.566
201909150720,40.95
201909150730,38.455
201909150740,38.714
201909150750,41.083
201909150800,40.048
201909150810,38.014
201909150820,38.803
201909150830,39.388
201909150840,37.992
201909150850,39.407
201909150900,38.248
201909150910,39.289
201909150920,37.899
201909150930,35.931
201909150940,38.177
201909150950,35.939
201909151000,37.291
201909151010,36.042
201909151020,35.292
201909151030,36.279
201909151040,36.539
201909151050,32.886
201909151100,38.271
201909151110,37.471
201909151120,37.443
201909151130,35.942
201909151140,37.675
201909151150,36.333
201909151200,38.861
201909151210,37.288
201909151220,40.454
201909151230,38.14
201909151240,37.192
201909151250,36.972
201909151300,39.415
201909151310,38.888
201909151320,38.633
201909151330,38.378
201909151340,38.149
201909151350,38.849
201909151400,37.043
201909151410,37.424
201909151420,36.43
201909151430,37.001
201909151440,37.295
201909151450,37.583
201909151500,38.212
201909151510,37.205
201909151520,29.441
201909151530,19.985
201909151540,29.933
201909151550,21.448
201909151600,36.714
201909151610,36.766
201909151620,34.871
201909151630,36.826
201909151640,35.445
201909151650,30.396
201909151700,35.906
201909151710,36.596
201909151720,35.714
201909151730,35.66
201909151740,36.797
201909151750,34.854
201909151800,34.821
201909151810,35.149
201909151820,35.756
201909151830,34.166
201909151840,35.337
201909151850,33.095
201909151900,35.904
201909151910,35.936
201909151920,36.261
201909151930,35.228
201909151940,36.824
201909151950,36.187
201909152000,38.64
201909152010,34.698
201909152020,36.401
201909152030,38.675
201909152040,36.263
201909152050,36.937
201909152100,37.444
201909152110,38.512
201909152120,38.816
201909152130,40.011
201909152140,36.952
201909152150,36.702
201909152200,40.206
201909152210,36.094
201909152220,37.59
201909152230,36.91
201909152240,38.524
201909152250,37.549
201909152300,39.546
201909152310,40.732
201909152320,40.444
201909152330,38.197
201909152340,37.977
201909152350,38.92
201909160000,39.883
201909160010,41.848
201909160020,40.483
201909160030,38.55
201909160040,40.005
201909160050,41.566
201909160100,40.715
201909160110,40.762
201909160120,40.777
201909160130,40.375
201909160140,40.994
201909160150,40.794
201909160200,37.122
201909160210,41.24
201909160220,40.657
201909160230,41.899
201909160240,38.764
201909160250,41.767
201909160300,40.078
201909160310,38.471
201909160320,41.1
201909160330,38.503
201909160340,36.1
201909160350,39.928
201909160400,39.946
201909160410,37.444
201909160420,41.094
201909160430,37.168
201909160440,39.886
201909160450,40.699
201909160500,40.019
201909160510,41.223
201909160520,37.852
201909160530,39.679
201909160540,38.371
201909160550,39.884
201909160600,41.282
201909160610,41.633
201909160620,41.893
201909160630,40.227
201909160640,38.229
201909160650,37.415
201909160700,36.245
201909160710,26.375
201909160720,31.601
201909160730,37.301
201909160740,34.052
201909160750,29.8
201909160800,29.134
201909160810,37.361
201909160820,37.807
201909160830,38.563
201909160840,37.708
201909160850,36.802
201909160900,37.478
201909160910,39.404
201909160920,37.109
201909160930,38.133
201909160940,39.757
201909160950,40.36
201909161000,37.018
201909161010,36.405
201909161020,37.842
201909161030,37.567
201909161040,38.316
201909161050,38.575
201909161100,37.474
201909161110,38.074
201909161120,36.735
201909161130,37.874
201909161140,37.985
201909161150,36.686
201909161200,38.813
201909161210,38.007
201909161220,37.25
201909161230,38.589
201909161240,39.363
201909161250,41.069
201909161300,40.42
201909161310,39.166
201909161320,39.629
201909161330,37.504
201909161340,38.408
201909161350,38.057
201909161400,37.639
201909161410,37.755
201909161420,39.514
201909161430,36.984
201909161440,39.469
201909161450,38.51
201909161500,38.132
201909161510,39.93
201909161520,37.395
201909161530,39.039
201909161540,39.14
201909161550,38.611
201909161600,37.546
201909161610,38.203
201909161620,37.765
201909161630,37.32
201909161640,38.469
201909161650,36.529
201909161700,34.947
201909161710,34.374
201909161720,31.56
201909161730,31.574
201909161740,23.183
201909161750,27.239
201909161800,30.508
201909161810,32.509
201909161820,31.963
201909161830,30.993
201909161840,11.528
201909161850,29.687
201909161900,32.675
201909161910,32.737
201909161920,32.9
201909161930,34.754
201909161940,35.658
201909161950,35.913
201909162000,34.726
201909162010,35.038
201909162020,35.04
201909162030,34.906
201909162040,36.53
201909162050,36.706
201909162100,34.811
201909162110,35.198
201909162120,35.108
201909162130,36.539
201909162140,35.361
201909162150,36.666
201909162200,37.159
201909162210,38.228
201909162220,38.773
201909162230,39.345
201909162240,39.542
201909162250,38.185
201909162300,40.715
201909162310,40.77
201909162320,39.62
201909162330,41.882
201909162340,38.76
201909162350,38.332
201909170000,41.314
201909170010,41.342
201909170020,37.462
201909170030,40.792
201909170040,41.771
201909170050,40.001
201909170100,38.551
201909170110,41.657
201909170120,38.054
201909170130,38.8
201909170140,37.417
201909170150,36.28
201909170200,37.278
201909170210,37.908
201909170220,36.01
201909170230,35.349
201909170240,40.493
201909170250,38.418
201909170300,35.198
201909170310,36.925
201909170320,40.292
201909170330,40.689
201909170340,38.624
201909170350,40.558
201909170400,39.949
201909170410,40.164
201909170420,35.87
201909170430,36.281
201909170440,34.491
201909170450,40.195
201909170500,35.913
201909170510,34.326
201909170520,41.159
201909170530,41.082
201909170540,38.409
201909170550,38.738
201909170600,39.805
201909170610,39.213
201909170620,40.406
201909170630,40.925
201909170640,38.302
201909170650,37.407
201909170700,37.742
201909170710,36.18
201909170720,34.271
201909170730,35.262
201909170740,33.645
201909170750,33.587
201909170800,37.409
201909170810,37.187
201909170820,38.436
201909170830,36.427
201909170840,36.617
201909170850,37.041
201909170900,36.459
201909170910,38.149
201909170920,38.162
201909170930,39.202
201909170940,39.195
201909170950,37.663
201909171000,37.262
201909171010,38.807
201909171020,39.184
201909171030,38.278
201909171040,39.262
201909171050,36.387
201909171100,37.939
201909171110,37.223
201909171120,36.472
201909171130,36.412
201909171140,37.418
201909171150,36.268
201909171200,37.679
201909171210,37.577
201909171220,40.628
201909171230,40.793
201909171240,38.866
201909171250,38.387
201909171300,39.032
201909171310,39.65
201909171320,39.921
201909171330,39.039
201909171340,38.974
201909171350,39.659
201909171400,38.931
201909171410,38.713
201909171420,40.229
201909171430,38.839
201909171440,38.507
201909171450,39.845
201909171500,39.161
201909171510,37.939
201909171520,38.443
201909171530,37.329
201909171540,35.759
201909171550,36.869
201909171600,36.927
201909171610,38.141
201909171620,38.147
201909171630,36.922
201909171640,35.698
201909171650,35.98
201909171700,36.106
201909171710,35.149
201909171720,30.743
201909171730,32.719
201909171740,23.661
201909171750,32.393
201909171800,30.108
201909171810,32.428
201909171820,26.558
201909171830,25.634
201909171840,26.758
201909171850,31.162
201909171900,33.747
201909171910,33.398
201909171920,34.966
201909171930,33.771
201909171940,35.452
201909171950,34.707
201909172000,34.627
201909172010,35.586
201909172020,34.414
201909172030,35.747
201909172040,34.406
201909172050,36.616
201909172100,36.606
201909172110,36.686
201909172120,36.359
201909172130,36.649
201909172140,35.309
201909172150,31.774
201909172200,29.044
201909172210,38.347
201909172220,38.128
201909172230,37.703
201909172240,39.54
201909172250,38.174
201909172300,38.595
201909172310,40.287
201909172320,38.393
201909172330,40.212
201909172340,40.221
201909172350,40.229
201909180000,40.715
201909180010,40.835
201909180020,38.024
201909180030,40.178
201909180040,39.781
201909180050,41.216
201909180100,41.181
201909180110,41.187
201909180120,38.443
201909180130,40.683
201909180140,41.142
201909180150,41.033
201909180200,38.51
201909180210,41.035
201909180220,41.366
201909180230,41.341
201909180240,40.868
201909180250,41.183
201909180300,39.376
201909180310,36.364
201909180320,36.31
201909180330,37.404
201909180340,40.95
201909180350,41.299
201909180400,41.245
201909180410,41.822
201909180420,39.776
201909180430,34.096
201909180440,36.938
201909180450,37.68
201909180500,38.053
201909180510,39.202
201909180520,40.246
201909180530,41.134
201909180540,41.069
201909180550,40.582
201909180600,41.211
201909180610,37.951
201909180620,39.48
201909180630,38.758
201909180640,39.457
201909180650,36.878
201909180700,36.961
201909180710,34.127
201909180720,37.991
201909180730,38.531
201909180740,36.422
201909180750,34.761
201909180800,31.666
201909180810,37.361
201909180820,38.693
201909180830,38.391
201909180840,38.483
201909180850,37.151
201909180900,38.667
201909180910,35.753
201909180920,36.371
201909180930,38.792
201909180940,39.773
201909180950,37.914
201909181000,37.856
201909181010,38.942
201909181020,38.447
201909181030,39.297
201909181040,36.288
201909181050,36.085
201909181100,38.511
201909181110,37.291
201909181120,37.381
201909181130,38.237
201909181140,37.435
201909181150,37.942
201909181200,38.52
201909181210,39.635
201909181220,39.42
201909181230,38.405
201909181240,41.322
201909181250,38.365
201909181300,39.095
201909181310,39.55
201909181320,39.844
201909181330,41.367
201909181340,39.542
201909181350,38.611
201909181400,40.483
201909181410,39.495
201909181420,39.803
201909181430,38.384
201909181440,39.83
201909181450,40.178
201909181500,39.468
201909181510,38.853
201909181520,39.063
201909181530,39.05
201909181540,38.121
201909181550,38.248
201909181600,37.581
201909181610,37.183
201909181620,36.641
201909181630,34.603
201909181640,31.491
201909181650,36.017
201909181700,34.753
201909181710,34.385
201909181720,32.066
201909181730,32.295
201909181740,32.835
201909181750,29.136
201909181800,27.558
201909181810,26.337
201909181820,30.056
201909181830,31.603
201909181840,33.081
201909181850,27.524
201909181900,30.664
201909181910,33.631
201909181920,32.879
201909181930,34.091
201909181940,34.248
201909181950,34.826
201909182000,32.509
201909182010,31.828
201909182020,34.758
201909182030,34.763
201909182040,34.329
201909182050,35.193
201909182100,35.941
201909182110,35.191
201909182120,35.643
201909182130,35.308
201909182140,35.981
201909182150,34.85
201909182200,28.536
201909182210,35.381
201909182220,38.154
201909182230,38.842
201909182240,38.831
201909182250,39.561
201909182300,38.085
201909182310,38.703
201909182320,38.895
201909182330,39.499
201909182340,40.055
201909182350,41.453
201909190000,38.822
201909190010,41.217
201909190020,39.278
201909190030,39.32
201909190040,41.111
201909190050,41.087
201909190100,41.373
201909190110,41.55
201909190120,40.173
201909190130,41.029
201909190140,41.417
201909190150,41.242
201909190200,36.412
201909190210,40.604
201909190220,42.011
201909190230,41.434
201909190240,38.497
201909190250,40.894
201909190300,40.857
201909190310,39.851
201909190320,39.889
201909190330,38.681
201909190340,37.5
201909190350,41.497
201909190400,41.1
201909190410,41.947
201909190420,40.908
201909190430,41.497
201909190440,39.599
201909190450,38.942
201909190500,38.716
201909190510,37.427
201909190520,38.465
201909190530,38.401
201909190540,39.083
201909190550,40.608
201909190600,41.695
201909190610,41.527
201909190620,38.357
201909190630,41.216
201909190640,38.273
201909190650,37.359
201909190700,36.084
201909190710,33.107
201909190720,36.31
201909190730,37.812
201909190740,34.328
201909190750,31.762
201909190800,35.709
201909190810,38.21
201909190820,36.706
201909190830,38.885
201909190840,37.554
201909190850,37.074
201909190900,38.45
201909190910,37.726
201909190920,37.571
201909190930,39.235
201909190940,38.316
201909190950,40.42
201909191000,36.333
201909191010,38.073
201909191020,39.093
201909191030,38.859
201909191040,38.125
201909191050,36.857
201909191100,37.063
201909191110,39.018
201909191120,38.425
201909191130,38.327
201909191140,38.776
201909191150,37.581
201909191200,40.185
201909191210,40.747
201909191220,39.587
201909191230,37.487
201909191240,39.166
201909191250,38.672
201909191300,39.397
201909191310,37.773
201909191320,38.372
201909191330,38.777
201909191340,39.432
201909191350,39.533
201909191400,38.66
201909191410,40.162
201909191420,39.483
201909191430,38.282
201909191440,39.306
201909191450,39.315
201909191500,39.081
201909191510,38.318
201909191520,37.592
201909191530,37.399
201909191540,38.012
201909191550,36.812
201909191600,37.454
201909191610,36.426
201909191620,39.012
201909191630,38.666
201909191640,35.881
201909191650,34.086
201909191700,33.22
201909191710,33.69
201909191720,33.296
201909191730,27.536
201909191740,29.563
201909191750,31.641
201909191800,29.128
201909191810,32.189
201909191820,32.884
201909191830,28.154
201909191840,31.656
201909191850,32.293
201909191900,31.954
201909191910,33.269
201909191920,34.714
201909191930,34.403
201909191940,33.48
201909191950,33.684
201909192000,34.869
201909192010,35.85
201909192020,34.285
201909192030,35.021
201909192040,34.97
201909192050,35.363
201909192100,36.311
201909192110,35.504
201909192120,35.663
201909192130,33.847
201909192140,34.899
201909192150,36.759
201909192200,35.765
201909192210,36.369
201909192220,37.015
201909192230,36.458
201909192240,37.607
201909192250,38.594
201909192300,40.355
201909192310,39.788
201909192320,41.171
201909192330,40.774
201909192340,39.554
201909192350,38.872
201909200000,37.105
201909200010,40.851
201909200020,39.088
201909200030,37.357
201909200040,38.182
201909200050,41.776
201909200100,41.025
201909200110,41.029
201909200120,40.229
201909200130,39.936
201909200140,41.042
201909200150,40.875
201909200200,36.895
201909200210,38.268
201909200220,41.46
201909200230,40.798
201909200240,39.655
201909200250,39.847
201909200300,39.566
201909200310,40.995
201909200320,40.585
201909200330,39.456
201909200340,36.692
201909200350,37.803
201909200400,41.294
201909200410,40.874
201909200420,38.747
201909200430,36.715
201909200440,35.997
201909200450,40.907
201909200500,40.047
201909200510,36.319
201909200520,33.684
201909200530,40.444
201909200540,36.829
201909200550,39.158
201909200600,37.514
201909200610,37.095
201909200620,40.064
201909200630,38.843
201909200640,37.077
201909200650,38.857
201909200700,38.183
201909200710,35.966
201909200720,35.11
201909200730,36.074
201909200740,34.297
201909200750,34.525
201909200800,37.583
201909200810,38.476
201909200820,36.514
201909200830,37.147
201909200840,37.108
201909200850,36.677
201909200900,36.614
201909200910,37.608
201909200920,37.285
201909200930,37.776
201909200940,38.255
201909200950,39.164
201909201000,39.253
201909201010,36.817
201909201020,38.784
201909201030,37.804
201909201040,36.096
201909201050,37.787
201909201100,37.364
201909201110,36.827
201909201120,38.293
201909201130,37.235
201909201140,37.577
201909201150,38.868
201909201200,38.247
201909201210,38.9
201909201220,39.465
201909201230,37.718
201909201240,38.733
201909201250,38.363
201909201300,40.201
201909201310,38.212
201909201320,37.792
201909201330,39.125
201909201340,38.912
201909201350,38.213
201909201400,38.529
201909201410,38.388
201909201420,40
201909201430,39.97
201909201440,37.635
201909201450,38.573
201909201500,38.136
201909201510,37.429
201909201520,36.618
201909201530,36.851
201909201540,37.421
201909201550,37.569
201909201600,36.356
201909201610,34.796
201909201620,37.551
201909201630,35.71
201909201640,34.849
201909201650,36.023
201909201700,33.717
201909201710,25.573
201909201720,31.257
201909201730,31.187
201909201740,26.688
201909201750,26.173
201909201800,26.161
201909201810,20.63
201909201820,20.46
201909201830,20.672
201909201840,20.482
201909201850,21.843
201909201900,27.369
201909201910,31.695
201909201920,27.263
201909201930,25.971
201909201940,29.778
201909201950,32.497
201909202000,34.509
201909202010,33.879
201909202020,31.587
201909202030,33.608
201909202040,34.972
201909202050,34.364
201909202100,33.218
201909202110,34.459
201909202120,34.43
201909202130,34.644
201909202140,28.238
201909202150,16.403
201909202200,35.091
201909202210,29.452
201909202220,25.35
201909202230,30.864
201909202240,36.185
201909202250,35.131
201909202300,36.813
201909202310,38.086
201909202320,39.805
201909202330,37.786
201909202340,41.129
201909202350,41.369
201909210000,39.268
201909210010,39.302
201909210020,39.091
201909210030,40.655
201909210040,40.566
201909210050,40.88
201909210100,41.47
201909210110,40.863
201909210120,40.995
201909210130,41.647
201909210140,41.313
201909210150,40.828
201909210200,40.961
201909210210,41.072
201909210220,40.864
201909210230,40.881
201909210240,39.647
201909210250,41.92
201909210300,40.746
201909210310,41.402
201909210320,41.374
201909210330,41.538
201909210340,38.944
201909210350,40.993
201909210400,40.225
201909210410,40.633
201909210420,41.095
201909210430,40.966
201909210440,41.633
201909210450,40.502
201909210500,40.636
201909210510,41.586
201909210520,40.221
201909210530,41.461
201909210540,41.093
201909210550,39.066
201909210600,36.503
201909210610,40.493
201909210620,41.372
201909210630,38.728
201909210640,39.799
201909210650,41.128
201909210700,38.2
201909210710,38.385
201909210720,37.628
201909210730,40.582
201909210740,40.496
201909210750,39.721
201909210800,40.495
201909210810,39.285
201909210820,35.792
201909210830,37.661
201909210840,37.038
201909210850,37.23
201909210900,37.899
201909210910,37.338
201909210920,37.906
201909210930,38.154
201909210940,35.895
201909210950,38.432
201909211000,36.751
201909211010,35.175
201909211020,30.766
201909211030,36.829
201909211040,38.136
201909211050,37.89
201909211100,35.499
201909211110,36.976
201909211120,35.654
201909211130,36.967
201909211140,36.349
201909211150,37.758
201909211200,35.346
201909211210,35.934
201909211220,36.965
201909211230,35.495
201909211240,35.805
201909211250,36.976
201909211300,36.513
201909211310,37.705
201909211320,36.579
201909211330,35.986
201909211340,37.926
201909211350,36.426
201909211400,37.338
201909211410,37.105
201909211420,38.525
201909211430,37.82
201909211440,37.778
201909211450,35.766
201909211500,37.34
201909211510,37.754
201909211520,36.628
201909211530,38.013
201909211540,36.005
201909211550,35.711
201909211600,36.593
201909211610,35.645
201909211620,35.226
201909211630,27.108
201909211640,35.156
201909211650,25.723
201909211700,32.021
201909211710,29.884
201909211720,34.553
201909211730,34.788
201909211740,35.525
201909211750,34.385
201909211800,33.831
201909211810,19.855
201909211820,22.777
201909211830,34.409
201909211840,33.707
201909211850,32.429
201909211900,21.242
201909211910,36.116
201909211920,35.441
201909211930,36.171
201909211940,35.228
201909211950,35.546
201909212000,33.869
201909212010,34.951
201909212020,34.853
201909212030,35.595
201909212040,34.237
201909212050,37.992
201909212100,36.619
201909212110,36.05
201909212120,36.33
201909212130,35.593
201909212140,37.688
201909212150,39.212
201909212200,39.393
201909212210,38.003
201909212220,37.905
201909212230,36.717
201909212240,38.962
201909212250,37.432
201909212300,39.85
201909212310,37.135
201909212320,39.887
201909212330,40.243
201909212340,38.281
201909212350,38.168
201909220000,40.574
201909220010,39.93
201909220020,40.239
201909220030,39.76
201909220040,37.727
201909220050,41.407
201909220100,41.38
201909220110,41.483
201909220120,38.168
201909220130,40.444
201909220140,41.336
201909220150,41.291
201909220200,41.725
201909220210,38.224
201909220220,39.459
201909220230,40.609
201909220240,41.125
201909220250,40.621
201909220300,41.404
201909220310,41.851
201909220320,40.751
201909220330,39.368
201909220340,40.542
201909220350,40.981
201909220400,40.514
201909220410,40.664
201909220420,41.292
201909220430,38.61
201909220440,40.648
201909220450,42.009
201909220500,40.829
201909220510,41.106
201909220520,41.528
201909220530,40.79
201909220540,41.014
201909220550,41.327
201909220600,40.736
201909220610,41.035
201909220620,39.706
201909220630,40.561
201909220640,40.826
201909220650,41.365
201909220700,37.926
201909220710,37.319
201909220720,38.089
201909220730,40.029
201909220740,37.078
201909220750,38.406
201909220800,40.41
201909220810,40.388
201909220820,39.192
201909220830,37.999
201909220840,36.259
201909220850,38.584
201909220900,37.032
201909220910,38.07
201909220920,37.636
201909220930,37.493
201909220940,36.326
201909220950,36.131
201909221000,38.13
201909221010,24.338
201909221020,27.653
201909221030,36.226
201909221040,37.342
201909221050,36.084
201909221100,37.656
201909221110,37.332
201909221120,37.746
201909221130,38.186
201909221140,37.035
201909221150,35.738
201909221200,39.756
201909221210,37.837
201909221220,37.526
201909221230,38.208
201909221240,36.925
201909221250,37.889
201909221300,35.828
201909221310,36.287
201909221320,36.121
201909221330,36.006
201909221340,36.891
201909221350,37.049
201909221400,37.356
201909221410,37.26
201909221420,37.142
201909221430,37.833
201909221440,38.184
201909221450,38.476
201909221500,37.523
201909221510,37.146
201909221520,36.062
201909221530,32.481
201909221540,29.524
201909221550,24.112
201909221600,34.968
201909221610,36.773
201909221620,31.185
201909221630,32.407
201909221640,24.565
201909221650,23.368
201909221700,33.046
201909221710,31.876
201909221720,26.032
201909221730,30.863
201909221740,27.549
201909221750,27.897
201909221800,35.485
201909221810,32.128
201909221820,27.444
201909221830,23.436
201909221840,33.785
201909221850,32.365
201909221900,33.824
201909221910,35.414
201909221920,34.441
201909221930,34.789
201909221940,35.458
201909221950,33.976
201909222000,34.971
201909222010,34.546
201909222020,36.324
201909222030,38.028
201909222040,38.246
201909222050,35.793
201909222100,36.808
201909222110,37.147
201909222120,38.213
201909222130,37.762
201909222140,38.399
201909222150,38.054
201909222200,37.939
201909222210,38.749
201909222220,37.385
201909222230,38.046
201909222240,37.119
201909222250,37.464
201909222300,37.632
201909222310,37.993
201909222320,41.499
201909222330,41.235
201909222340,40.509
201909222350,39.742
201909230000,41.077
201909230010,41.029
201909230020,39.327
201909230030,40.804
201909230040,40.917
201909230050,40.151
201909230100,40.827
201909230110,41.207
201909230120,33.772
201909230130,40.886
201909230140,39.282
201909230150,41.198
201909230200,40.496
201909230210,41.122
201909230220,40.276
201909230230,35.472
201909230240,41.216
201909230250,40.72
201909230300,41.492
201909230310,40.609
201909230320,38.293
201909230330,40.073
201909230340,35.268
201909230350,36.853
201909230400,40.632
201909230410,39.841
201909230420,39.253
201909230430,40.695
201909230440,38.95
201909230450,37.68
201909230500,36.316
201909230510,41.213
201909230520,41.253
201909230530,41.297
201909230540,41.04
201909230550,41.306
201909230600,40.749
201909230610,41.692
201909230620,37.88
201909230630,38.029
201909230640,40.431
201909230650,38.357
201909230700,39.056
201909230710,26.38
201909230720,33.329
201909230730,36.785
201909230740,35.923
201909230750,24.155
201909230800,23.134
201909230810,36.874
201909230820,38.033
201909230830,35.353
201909230840,38.506
201909230850,37.845
201909230900,38.752
201909230910,36.283
201909230920,38.545
201909230930,38.644
201909230940,37.962
201909230950,37.94
201909231000,37.422
201909231010,37.488
201909231020,38.436
201909231030,38.417
201909231040,39.242
201909231050,38.543
201909231100,37.915
201909231110,38.344
201909231120,40.345
201909231130,38.58
201909231140,38.116
201909231150,37.285
201909231200,37.237
201909231210,38.867
201909231220,38.856
201909231230,39.952
201909231240,38.972
201909231250,39.783
201909231300,39.567
201909231310,40.316
201909231320,41.695
201909231330,40.138
201909231340,36.333
201909231350,40.156
201909231400,37.631
201909231410,39.992
201909231420,39.504
201909231430,39.99
201909231440,39.127
201909231450,37.72
201909231500,38.099
201909231510,38.052
201909231520,39.07
201909231530,38.611
201909231540,39.724
201909231550,37.641
201909231600,37.558
201909231610,37.585
201909231620,37.913
201909231630,36.373
201909231640,31.001
201909231650,35.816
201909231700,36.117
201909231710,34.707
201909231720,34.332
201909231730,33.967
201909231740,34.37
201909231750,31.209
201909231800,31.415
201909231810,27.059
201909231820,32.858
201909231830,33.918
201909231840,33.143
201909231850,32.084
201909231900,33.67
201909231910,33.629
201909231920,34.22
201909231930,35.016
201909231940,35.278
201909231950,36.483
201909232000,34.379
201909232010,33.729
201909232020,34.771
201909232030,35.034
201909232040,35.964
201909232050,35.877
201909232100,36.873
201909232110,37.012
201909232120,30.807
201909232130,12.956
201909232140,21.525
201909232150,37.203
201909232200,32.626
201909232210,16.706
201909232220,37.051
201909232230,38.544
201909232240,38.41
201909232250,39.245
201909232300,41.278
201909232310,39.562
201909232320,39.922
201909232330,41.468
201909232340,39.886
201909232350,39.447
201909240000,38.884
201909240010,40.891
201909240020,38.957
201909240030,41.846
201909240040,38.238
201909240050,39.035
201909240100,40.933
201909240110,40.775
201909240120,40.736
201909240130,41.286
201909240140,40.875
201909240150,40.887
201909240200,40.922
201909240210,39.381
201909240220,38.531
201909240230,40.03
201909240240,41.247
201909240250,40.763
201909240300,38.775
201909240310,37.201
201909240320,35.449
201909240330,39.333
201909240340,41.042
201909240350,37.001
201909240400,40.608
201909240410,40.548
201909240420,37.668
201909240430,37.207
201909240440,35.993
201909240450,41.097
201909240500,38.342
201909240510,37.634
201909240520,40.645
201909240530,39.411
201909240540,38.679
201909240550,38.121
201909240600,35.206
201909240610,37.581
201909240620,38.309
201909240630,41.758
201909240640,36.696
201909240650,36.487
201909240700,37.389
201909240710,35.769
201909240720,36.236
201909240730,35.857
201909240740,34.575
201909240750,34.371
201909240800,36.792
201909240810,37.316
201909240820,37.365
201909240830,36.646
201909240840,36.813
201909240850,37.984
201909240900,38.673
201909240910,37.711
201909240920,38.861
201909240930,36.166
201909240940,36.637
201909240950,37.403
201909241000,38.174
201909241010,38.229
201909241020,37.108
201909241030,37.362
201909241040,39.054
201909241050,38.638
201909241100,38.015
201909241110,39.023
201909241120,38.443
201909241130,36.782
201909241140,37.324
201909241150,39.953
201909241200,38.266
201909241210,36.664
201909241220,39.026
201909241230,41.365
201909241240,40.812
201909241250,39.098
201909241300,39.92
201909241310,38.743
201909241320,38.173
201909241330,38.518
201909241340,39.071
201909241350,38.681
201909241400,38.63
201909241410,40.138
201909241420,39.525
201909241430,40.263
201909241440,38.418
201909241450,39.255
201909241500,39.239
201909241510,37.903
201909241520,37.609
201909241530,37.596
201909241540,36.589
201909241550,38.831
201909241600,37.411
201909241610,36.634
201909241620,38.441
201909241630,38.199
201909241640,36.614
201909241650,36.541
201909241700,37.57
201909241710,34.457
201909241720,33.832
201909241730,32.995
201909241740,31.382
201909241750,31.748
201909241800,31.436
201909241810,30.204
201909241820,19.477
201909241830,12.903
201909241840,29.902
201909241850,33.388
201909241900,33.653
201909241910,26.377
201909241920,29.015
201909241930,33.726
201909241940,35.158
201909241950,35.395
201909242000,35.753
201909242010,38.048
201909242020,36.134
201909242030,33.786
201909242040,35.851
201909242050,35.596
201909242100,34.984
201909242110,35.484
201909242120,35.601
201909242130,33.057
201909242140,23.988
201909242150,29.152
201909242200,36.615
201909242210,37.759
201909242220,37.937
201909242230,37.6
201909242240,39.358
201909242250,38.458
201909242300,38.915
201909242310,40.976
201909242320,41.88
201909242330,40.311
201909242340,38.483
201909242350,39.475
201909250000,38.801
201909250010,40.817
201909250020,38.234
201909250030,38.796
201909250040,39.17
201909250050,40.424
201909250100,41.825
201909250110,40.956
201909250120,40.865
201909250130,40.944
201909250140,39.634
201909250150,38.874
201909250200,40.807
201909250210,40.568
201909250220,40.84
201909250230,41.079
201909250240,41.034
201909250250,40.688
201909250300,40.385
201909250310,39.1
201909250320,38.948
201909250330,40.625
201909250340,39.992
201909250350,41.124
201909250400,39.195
201909250410,31.547
201909250420,39.775
201909250430,34.601
201909250440,38.876
201909250450,40.698
201909250500,34.974
201909250510,40.366
201909250520,35.34
201909250530,39.44
201909250540,40.61
201909250550,40.957
201909250600,31.465
201909250610,34.422
201909250620,41.661
201909250630,38.567
201909250640,39.998
201909250650,38.603
201909250700,35.511
201909250710,34.783
201909250720,36.978
201909250730,36.028
201909250740,35.567
201909250750,38.078
201909250800,35.811
201909250810,37.294
201909250820,35.965
201909250830,37.428
201909250840,37.541
201909250850,38.079
201909250900,36.9
201909250910,35.659
201909250920,39.077
201909250930,36.746
201909250940,38.054
201909250950,36.232
201909251000,37.048
201909251010,38.04
201909251020,38.035
201909251030,38.095
201909251040,37.315
201909251050,37.463
201909251100,39.094
201909251110,37.899
201909251120,39.271
201909251130,40.659
201909251140,38.784
201909251150,38.386
201909251200,38.73
201909251210,40.949
201909251220,39.243
201909251230,39.041
201909251240,38.006
201909251250,40.093
201909251300,39.604
201909251310,39.171
201909251320,38.782
201909251330,39.876
201909251340,41.059
201909251350,40.478
201909251400,39.89
201909251410,39.63
201909251420,38.663
201909251430,41.101
201909251440,39.326
201909251450,39.217
201909251500,37.639
201909251510,36.851
201909251520,37.139
201909251530,37.114
201909251540,37.728
201909251550,36.795
201909251600,36.663
201909251610,35.79
201909251620,37.072
201909251630,35.705
201909251640,36.237
201909251650,35.616
201909251700,34.927
201909251710,31.911
201909251720,27.868
201909251730,32.404
201909251740,31.617
201909251750,29.085
201909251800,30.16
201909251810,32.265
201909251820,26.166
201909251830,27.859
201909251840,30.717
201909251850,32.463
201909251900,33.003
201909251910,33.263
201909251920,34.015
201909251930,33.596
201909251940,32.966
201909251950,34.8
201909252000,34.928
201909252010,34.644
201909252020,34.928
201909252030,35.093
201909252040,36.206
201909252050,36.481
201909252100,35.86
201909252110,35.565
201909252120,34.443
201909252130,17.412
201909252140,30.854
201909252150,36.591
201909252200,36.334
201909252210,34.042
201909252220,33.44
201909252230,34.432
201909252240,37.566
201909252250,37.523
201909252300,38.737
201909252310,40.189
201909252320,40.889
201909252330,40.802
201909252340,37.656
201909252350,41.237
201909260000,37.438
201909260010,41.884
201909260020,40.274
201909260030,41.495
201909260040,39.752
201909260050,38.349
201909260100,39.163
201909260110,40.803
201909260120,41.478
201909260130,37.656
201909260140,34.641
201909260150,40.734
201909260200,41.366
201909260210,38.933
201909260220,40.79
201909260230,41.489
201909260240,39.779
201909260250,41.003
201909260300,41.332
201909260310,35.667
201909260320,36.072
201909260330,34.444
201909260340,40.339
201909260350,39.333
201909260400,40.878
201909260410,40.995
201909260420,40.538
201909260430,42.526
201909260440,35.267
201909260450,36.276
201909260500,39.977
201909260510,39.656
201909260520,35.548
201909260530,40.923
201909260540,37.34
201909260550,41.569
201909260600,38.227
201909260610,35.15
201909260620,40.341
201909260630,41.194
201909260640,37.6
201909260650,37.271
201909260700,39.053
201909260710,36.735
201909260720,37.047
201909260730,37.412
201909260740,36.096
201909260750,36.207
201909260800,38.432
201909260810,36.596
201909260820,37.808
201909260830,34.634
201909260840,35.979
201909260850,36.214
201909260900,37.882
201909260910,38.327
201909260920,37.841
201909260930,37.957
201909260940,38.858
201909260950,37.73
201909261000,37.103
201909261010,38.39
201909261020,39.175
201909261030,37.894
201909261040,38.366
201909261050,38.595
201909261100,37.125
201909261110,37.189
201909261120,37.373
201909261130,38.476
201909261140,36.635
201909261150,39.667
201909261200,39.209
201909261210,38.144
201909261220,38.809
201909261230,38.016
201909261240,39.566
201909261250,39.372
201909261300,39.403
201909261310,40.473
201909261320,37.666
201909261330,39.59
201909261340,39.509
201909261350,38.366
201909261400,38.781
201909261410,38.253
201909261420,39.818
201909261430,39.874
201909261440,40.084
201909261450,38.906
201909261500,37.413
201909261510,39.066
201909261520,36.293
201909261530,36.726
201909261540,37.34
201909261550,37.981
201909261600,36.71
201909261610,36.636
201909261620,36.364
201909261630,36.657
201909261640,36.221
201909261650,36.679
201909261700,35.468
201909261710,33.135
201909261720,32.031
201909261730,33.457
201909261740,31.499
201909261750,29.69
201909261800,30.832
201909261810,23.102
201909261820,25.941
201909261830,27.575
201909261840,32.837
201909261850,33.236
201909261900,33.132
201909261910,33.439
201909261920,33.874
201909261930,34.095
201909261940,34.086
201909261950,32.981
201909262000,32.58
201909262010,34.673
201909262020,34.725
201909262030,37.35
201909262040,34.68
201909262050,34.77
201909262100,36.374
201909262110,35.527
201909262120,35.166
201909262130,35.84
201909262140,34.868
201909262150,35.653
201909262200,37.51
201909262210,36.755
201909262220,34.972
201909262230,36.984
201909262240,37.088
201909262250,38.803
201909262300,38.949
201909262310,38.912
201909262320,39.434
201909262330,40.414
201909262340,39.321
201909262350,39.344
201909270000,40.704
201909270010,40.208
201909270020,41.458
201909270030,41.024
201909270040,41.57
201909270050,41.275
201909270100,38.595
201909270110,39.5
201909270120,41.242
201909270130,41.051
201909270140,39.483
201909270150,39.819
201909270200,38.704
201909270210,38.273
201909270220,41.559
201909270230,41.177
201909270240,40.66
201909270250,39.578
201909270300,41.245
201909270310,37.577
201909270320,41.816
201909270330,37.937
201909270340,40.051
201909270350,40.439
201909270400,38.934
201909270410,41.103
201909270420,37.679
201909270430,23.167
201909270440,34.126
201909270450,40.546
201909270500,40.756
201909270510,39.298
201909270520,36.795
201909270530,36.438
201909270540,40.747
201909270550,38.804
201909270600,41.232
201909270610,38.811
201909270620,38.741
201909270630,38.597
201909270640,38.291
201909270650,36.767
201909270700,32.632
201909270710,33.156
201909270720,35.422
201909270730,37.066
201909270740,35.512
201909270750,25.146
201909270800,35.112
201909270810,37.754
201909270820,37.782
201909270830,37.787
201909270840,39.059
201909270850,38.455
201909270900,38.086
201909270910,38.955
201909270920,39.232
201909270930,39.512
201909270940,38.177
201909270950,38.932
201909271000,38.319
201909271010,38.674
201909271020,39.875
201909271030,37.691
201909271040,38.822
201909271050,39.16
201909271100,38.655
201909271110,37.375
201909271120,38.418
201909271130,39.866
201909271140,38.382
201909271150,38.829
201909271200,38.591
201909271210,36.407
201909271220,39.032
201909271230,37.554
201909271240,39.428
201909271250,39.742
201909271300,40.526
201909271310,38.979
201909271320,38.599
201909271330,37.745
201909271340,39.079
201909271350,38.468
201909271400,36.749
201909271410,38.275
201909271420,40.32
201909271430,39.29
201909271440,36.338
201909271450,39.294
201909271500,38.658
201909271510,38.288
201909271520,37.413
201909271530,35.603
201909271540,35.912
201909271550,37.81
201909271600,38.22
201909271610,36.427
201909271620,36.068
201909271630,36.449
201909271640,35.121
201909271650,33.692
201909271700,20.526
201909271710,31.914
201909271720,33.473
201909271730,31.93
201909271740,33.687
201909271750,27.729
201909271800,30.59
201909271810,28.605
201909271820,27.843
201909271830,23.794
201909271840,19.968
201909271850,22.023
201909271900,23.981
201909271910,27.621
201909271920,26.419
201909271930,25.679
201909271940,34.233
201909271950,34.111
201909272000,34.242
201909272010,34.211
201909272020,34.943
201909272030,34.752
201909272040,35.939
201909272050,35.441
201909272100,35.581
201909272110,36.304
201909272120,37.688
201909272130,34.865
201909272140,35.447
201909272150,35.566
201909272200,35.4
201909272210,37.385
201909272220,35.95
201909272230,36.125
201909272240,37.403
201909272250,39.168
201909272300,38.954
201909272310,37.839
201909272320,40.691
201909272330,39.211
201909272340,41.125
201909272350,40.255
201909280000,40.236
201909280010,39.825
201909280020,41.869
201909280030,39.847
201909280040,36.487
201909280050,41.486
201909280100,41.94
201909280110,40.223
201909280120,38.714
201909280130,41.519
201909280140,41.101
201909280150,41.648
201909280200,37.433
201909280210,32.175
201909280220,40.732
201909280230,41.956
201909280240,41.035
201909280250,37.936
201909280300,38.233
201909280310,40.427
201909280320,41.412
201909280330,40.815
201909280340,41.012
201909280350,35.534
201909280400,41.598
201909280410,41.485
201909280420,41.625
201909280430,35.908
201909280440,41.198
201909280450,38.574
201909280500,39.068
201909280510,37.908
201909280520,41.533
201909280530,37.976
201909280540,40.594
201909280550,39.645
201909280600,40.456
201909280610,41.556
201909280620,30.507
201909280630,40.673
201909280640,41.929
201909280650,39.806
201909280700,37.932
201909280710,39.973
201909280720,38.598
201909280730,36.889
201909280740,39.161
201909280750,36.459
201909280800,38.502
201909280810,36.554
201909280820,39.154
201909280830,37.827
201909280840,38.416
201909280850,35.483
201909280900,36.891
201909280910,36.971
201909280920,38.977
201909280930,36.104
201909280940,36.339
201909280950,34.11
201909281000,34.373
201909281010,36.87
201909281020,36.78
201909281030,36.709
201909281040,38.098
201909281050,35.584
201909281100,35.133
201909281110,36.353
201909281120,36.818
201909281130,37.999
201909281140,36.166
201909281150,36.956
201909281200,35.535
201909281210,37.108
201909281220,36.757
201909281230,37.149
201909281240,38.559
201909281250,37.532
201909281300,37.859
201909281310,37.051
201909281320,36.19
201909281330,37.505
201909281340,36.631
201909281350,36.657
201909281400,37.029
201909281410,37.534
201909281420,36.943
201909281430,36.771
201909281440,36.514
201909281450,37.89
201909281500,36.742
201909281510,36.6
201909281520,36.176
201909281530,37.212
201909281540,34.899
201909281550,36.442
201909281600,35.297
201909281610,37.877
201909281620,34.719
201909281630,34.936
201909281640,37.323
201909281650,33.837
201909281700,35.48
201909281710,35.121
201909281720,34.951
201909281730,33.329
201909281740,34.075
201909281750,32.533
201909281800,35.221
201909281810,33.67
201909281820,33.254
201909281830,33.431
201909281840,35.057
201909281850,33.608
201909281900,34.63
201909281910,32.9
201909281920,35.413
201909281930,36.793
201909281940,35.346
201909281950,35.097
201909282000,34.805
201909282010,34.823
201909282020,33.652
201909282030,36.233
201909282040,35.633
201909282050,36.385
201909282100,36.658
201909282110,34.857
201909282120,37.379
201909282130,37.512
201909282140,36.938
201909282150,36.64
201909282200,38.517
201909282210,39.871
201909282220,37.269
201909282230,38.068
201909282240,38.884
201909282250,39.296
201909282300,38.545
201909282310,41.248
201909282320,40.752
201909282330,40.997
201909282340,40.396
201909282350,40.383
201909290000,41.441
201909290010,40.056
201909290020,41.567
201909290030,40.752
201909290040,40.631
201909290050,40.21
201909290100,39.47
201909290110,40.842
201909290120,41.264
201909290130,41.329
201909290140,40.205
201909290150,41.365
201909290200,40.012
201909290210,40.463
201909290220,41.137
201909290230,41.034
201909290240,41.775
201909290250,39.131
201909290300,38.093
201909290310,37.91
201909290320,38.141
201909290330,38.277
201909290340,40.863
201909290350,40.693
201909290400,40.605
201909290410,40.246
201909290420,41.782
201909290430,41.539
201909290440,40.603
201909290450,39.283
201909290500,35.709
201909290510,40.316
201909290520,41.203
201909290530,40.469
201909290540,37.843
201909290550,36.245
201909290600,40.488
201909290610,37.735
201909290620,38.659
201909290630,39.071
201909290640,38.685
201909290650,37.535
201909290700,34.43
201909290710,35.422
201909290720,38.058
201909290730,37.909
201909290740,35.22
201909290750,35.014
201909290800,37.678
201909290810,35.116
201909290820,36.692
201909290830,36.219
201909290840,37.004
201909290850,37.1
201909290900,38.445
201909290910,38.082
201909290920,37.951
201909290930,38.536
201909290940,37.681
201909290950,36.942
201909291000,38.142
201909291010,37.372
201909291020,37.474
201909291030,36.139
201909291040,39.012
201909291050,37.81
201909291100,37.448
201909291110,36.953
201909291120,36.964
201909291130,37.719
201909291140,37.266
201909291150,38.027
201909291200,37.684
201909291210,36.39
201909291220,40.217
201909291230,39.638
201909291240,39.348
201909291250,38.524
201909291300,39.348
201909291310,40.511
201909291320,37.496
201909291330,37.169
201909291340,38.253
201909291350,39.629
201909291400,39.392
201909291410,39.324
201909291420,38.164
201909291430,37.598
201909291440,38.018
201909291450,37.941
201909291500,35.458
201909291510,37.964
201909291520,36.884
201909291530,37.322
201909291540,35.53
201909291550,36.453
201909291600,37.954
201909291610,37.083
201909291620,39.302
201909291630,35.428
201909291640,37.94
201909291650,35.863
201909291700,34.528
201909291710,34.859
201909291720,33.832
201909291730,31.621
201909291740,28.347
201909291750,26.265
201909291800,30.744
201909291810,22.621
201909291820,22.669
201909291830,30.6
201909291840,31.537
201909291850,30.964
201909291900,22.419
201909291910,28.077
201909291920,28.196
201909291930,29.679
201909291940,29.13
201909291950,31.753
201909292000,34.909
201909292010,35.68
201909292020,35.185
201909292030,35.681
201909292040,34.987
201909292050,34.948
201909292100,36.833
201909292110,37.082
201909292120,36.685
201909292130,38.583
201909292140,36.851
201909292150,37.309
201909292200,36.962
201909292210,36.2
201909292220,36.344
201909292230,38.35
201909292240,39.616
201909292250,37.364
201909292300,38.817
201909292310,38.829
201909292320,40.646
201909292330,40.149
201909292340,41.11
201909292350,41.503
201909300000,41.962
201909300010,41.198
201909300020,40.657
201909300030,40.188
201909300040,38.029
201909300050,41.083
201909300100,40.88
201909300110,41.43
201909300120,37.969
201909300130,41.248
201909300140,39.127
201909300150,38.58
201909300200,39.145
201909300210,40.797
201909300220,41.965
201909300230,41.03
201909300240,40.882
201909300250,41.453
201909300300,37.151
201909300310,37.272
201909300320,36.057
201909300330,39.79
201909300340,40.86
201909300350,37.578
201909300400,35.601
201909300410,38.795
201909300420,41.616
201909300430,26.904
201909300440,38.187
201909300450,41.517
201909300500,41.433
201909300510,35.925
201909300520,36.557
201909300530,39.135
201909300540,39.814
201909300550,41.198
201909300600,40.72
201909300610,41.928
201909300620,37.94
201909300630,36.723
201909300640,40.644
201909300650,39.409
201909300700,41.163
201909300710,38.924
201909300720,38.228
201909300730,37.55
201909300740,37.566
201909300750,38.938
201909300800,38.442
201909300810,39.335
201909300820,38.606
201909300830,38.477
201909300840,37.646
201909300850,37.984
201909300900,39.077
201909300910,37.921
201909300920,37.844
201909300930,37.408
201909300940,38.721
201909300950,38.34
201909301000,38.361
201909301010,37.401
201909301020,38.278
201909301030,36.41
201909301040,37.033
201909301050,36.662
201909301100,36.872
201909301110,37.356
201909301120,37.851
201909301130,37.347
201909301140,36.599
201909301150,37.554
201909301200,36.478
201909301210,38.24
201909301220,38.433
201909301230,40.04
201909301240,38.586
201909301250,39.928
201909301300,38.169
201909301310,37.807
201909301320,37.341
201909301330,38.877
201909301340,38.89
201909301350,37.471
201909301400,38.187
201909301410,37.677
201909301420,39.501
201909301430,41.158
201909301440,38.561
201909301450,37.061
201909301500,37.949
201909301510,39.036
201909301520,39.542
201909301530,37.371
201909301540,36.005
201909301550,37.972
201909301600,36.295
201909301610,38.207
201909301620,37.433
201909301630,36.487
201909301640,35.511
201909301650,35.726
201909301700,36.555
201909301710,35.486
201909301720,36.582
201909301730,37.293
201909301740,36.081
201909301750,37.009
201909301800,34.412
201909301810,35.979
201909301820,34.178
201909301830,35.861
201909301840,35.141
201909301850,34.968
201909301900,36.498
201909301910,37.252
201909301920,37
201909301930,37.195
201909301940,35.516
201909301950,36.379
201909302000,36.17
201909302010,37.18
201909302020,36.241
201909302030,35.831
201909302040,36.825
201909302050,37.767
201909302100,38.971
201909302110,38.088
201909302120,37.949
201909302130,36.403
201909302140,37.173
201909302150,38.116
201909302200,39.379
201909302210,39.031
201909302220,38.146
201909302230,40.577
201909302240,38.104
201909302250,38.962
201909302300,40.608
201909302310,40.34
201909302320,40.419
201909302330,40.931
201909302340,39.835
201909302350,38.937
